rank_ecr,player_name,player_short_name,player_team_id,player_positions,player_opponent,pos_rank,r2p_pts,rank_min,rank_max,rank_ave,rank_std,player_bye_week,player_owned_avg,player_page_url,player_id
1,Jonathan Taylor,J. Taylor,IND,RB,at LAR,RB1,17.1,1,3,1.55,0.78,11,99.6,https://www.fantasypros.com/nfl/players/jonathan-taylor.php,19217
2,Bijan Robinson,B. Robinson,ATL,RB,vs. WAS,RB2,16.0,1,3,2.09,0.51,5,99.8,https://www.fantasypros.com/nfl/players/bijan-robinson.php,23133
3,Christian McCaffrey,C. McCaffrey,SF,RB,vs. JAC,RB3,15.8,2,3,2.82,0.39,14,99.8,https://www.fantasypros.com/nfl/players/christian-mccaffrey.php,16393
4,Saquon Barkley,S. Barkley,PHI,RB,at TB,RB4,15.3,4,6,4.55,0.78,9,99.8,https://www.fantasypros.com/nfl/players/saquon-barkley.php,17240
5,James Cook III,J. Cook III,BUF,RB,vs. NO,RB5,15.1,2,8,5.00,1.41,7,99.4,https://www.fantasypros.com/nfl/players/james-cook.php,22958
6,Derrick Henry,D. Henry,BAL,RB,at KC,RB6,14.8,5,7,5.73,0.62,7,99.8,https://www.fantasypros.com/nfl/players/derrick-henry.php,15514
7,Jahmyr Gibbs,J. Gibbs,DET,RB,vs. CLE,RB7,14.7,6,9,7.55,1.08,8,99.8,https://www.fantasypros.com/nfl/players/jahmyr-gibbs.php,22968
8,Josh Jacobs,J. Jacobs,GB,RB,at DAL,RB8,14.4,7,9,7.73,0.62,5,99.7,https://www.fantasypros.com/nfl/players/josh-jacobs.php,18269
9,Jordan Mason,J. Mason,MIN,RB,at PIT,RB9,14.3,7,13,9.55,1.44,6,83,https://www.fantasypros.com/nfl/players/jordan-mason.php,22969
10,Bucky Irving,B. Irving,TB,RB,vs. PHI,RB10,13.4,10,13,10.91,0.90,9,99.6,https://www.fantasypros.com/nfl/players/bucky-irving.php,25981
11,De'Von Achane,D. Achane,MIA,RB,vs. NYJ,RB11,12.9,8,12,11.09,1.24,12,99.7,https://www.fantasypros.com/nfl/players/devon-achane.php,23136
12,Omarion Hampton,O. Hampton,LAC,RB,at NYG,RB12,12.8,9,16,11.55,1.83,12,97.8,https://www.fantasypros.com/nfl/players/omarion-hampton.php,25395
13,Kyren Williams,K. Williams,LAR,RB,vs. IND,RB13,12.4,10,16,12.73,1.42,8,99.5,https://www.fantasypros.com/nfl/players/kyren-williams.php,23059
14,Kenneth Walker III,K. Walker III,SEA,RB,at ARI,RB14,12.3,13,16,14.18,0.83,8,97.8,https://www.fantasypros.com/nfl/players/kenneth-walker-rb.php,23021
15,Ashton Jeanty,A. Jeanty,LV,RB,vs. CHI,RB15,12.0,12,17,15.27,1.42,8,99.5,https://www.fantasypros.com/nfl/players/ashton-jeanty.php,25989
16,Breece Hall,B. Hall,NYJ,RB,at MIA,RB16,11.8,15,20,17.64,1.61,9,97.6,https://www.fantasypros.com/nfl/players/breece-hall.php,22982
17,Chuba Hubbard,C. Hubbard,CAR,RB,at NE,RB17,11.5,15,22,18.64,2.50,14,98.2,https://www.fantasypros.com/nfl/players/chuba-hubbard.php,19792
18,Javonte Williams,J. Williams,DAL,RB,vs. GB,RB18,11.4,17,22,19.09,1.44,10,89.9,https://www.fantasypros.com/nfl/players/javonte-williams.php,22739
19,Trey Benson,T. Benson,ARI,RB,vs. SEA,RB19,11.0,15,23,19.27,2.45,8,55.6,https://www.fantasypros.com/nfl/players/trey-benson.php,25388
20,J.K. Dobbins,J.K. Dobbins,DEN,RB,vs. CIN,RB20,11.0,18,24,20.27,1.91,12,86.4,https://www.fantasypros.com/nfl/players/jk-dobbins.php,19245
21,Chase Brown,C. Brown,CIN,RB,at DEN,RB21,10.9,15,24,20.82,2.85,10,99.3,https://www.fantasypros.com/nfl/players/chase-brown.php,25324
22,Travis Etienne Jr.,T. Etienne Jr.,JAC,RB,at SF,RB22,10.6,17,27,21.00,2.83,8,88.3,https://www.fantasypros.com/nfl/players/travis-etienne.php,19231
23,Cam Skattebo,C. Skattebo,NYG,RB,vs. LAC,RB23,10.5,18,28,23.18,2.59,14,80.7,https://www.fantasypros.com/nfl/players/cam-skattebo.php,27166
24,Alvin Kamara,A. Kamara,NO,RB,at BUF,RB24,10.4,19,27,23.36,2.31,11,98.7,https://www.fantasypros.com/nfl/players/alvin-kamara.php,16421
25,Tony Pollard,T. Pollard,TEN,RB,at HOU,RB25,10.3,20,29,25.36,2.46,10,93.6,https://www.fantasypros.com/nfl/players/tony-pollard.php,18705
26,Quinshon Judkins,Q. Judkins,CLE,RB,at DET,RB26,10.2,22,29,25.45,2.27,9,70.9,https://www.fantasypros.com/nfl/players/quinshon-judkins.php,25391
27,D'Andre Swift,D. Swift,CHI,RB,at LV,RB27,10.1,23,30,27.00,1.95,5,94.1,https://www.fantasypros.com/nfl/players/dandre-swift.php,19210
28,Jaylen Warren,J. Warren,PIT,RB,vs. MIN,RB28,10.0,23,30,27.27,2.14,5,89.6,https://www.fantasypros.com/nfl/players/jaylen-warren.php,24209
29,TreVeyon Henderson,T. Henderson,NE,RB,vs. CAR,RB29,10.0,26,32,28.82,1.59,14,95.1,https://www.fantasypros.com/nfl/players/treveyon-henderson.php,23065
30,David Montgomery,D. Montgomery,DET,RB,vs. CLE,RB30,8.6,26,31,29.00,1.81,8,96,https://www.fantasypros.com/nfl/players/david-montgomery.php,18239
31,Nick Chubb,N. Chubb,HOU,RB,vs. TEN,RB31,8.6,27,32,31.09,1.56,6,78.2,https://www.fantasypros.com/nfl/players/nick-chubb.php,17246
32,Jacory Croskey-Merritt,J. Croskey-Merritt,WAS,RB,at ATL,RB32,7.2,29,34,31.45,1.37,12,84.5,https://www.fantasypros.com/nfl/players/jacory-croskeymerritt.php,27316
33,Rhamondre Stevenson,R. Stevenson,NE,RB,vs. CAR,RB33,6.7,29,34,32.45,1.50,14,80.4,https://www.fantasypros.com/nfl/players/rhamondre-stevenson.php,22726
34,Isiah Pacheco,I. Pacheco,KC,RB,vs. BAL,RB34,6.4,33,37,34.55,0.99,10,93.4,https://www.fantasypros.com/nfl/players/isiah-pacheco.php,24333
35,Bhayshul Tuten,B. Tuten,JAC,RB,at SF,RB35,6.3,35,37,35.91,0.79,8,55.8,https://www.fantasypros.com/nfl/players/bhayshul-tuten.php,27297
36,Kareem Hunt,K. Hunt,KC,RB,vs. BAL,RB36,6.2,36,38,37.00,0.95,10,23.5,https://www.fantasypros.com/nfl/players/kareem-hunt.php,16425
37,RJ Harvey,RJ Harvey,DEN,RB,vs. CIN,RB37,5.9,37,45,38.55,2.23,12,88.1,https://www.fantasypros.com/nfl/players/rj-harvey.php,27142
38,Ollie Gordon II,O. Gordon II,MIA,RB,vs. NYJ,RB38,5.8,34,50,39.64,5.14,12,31.8,https://www.fantasypros.com/nfl/players/ollie-gordon.php,25984
39,Chris Rodriguez Jr.,C. Rodriguez Jr.,WAS,RB,at ATL,RB39,5.8,35,43,39.64,2.31,12,5.9,https://www.fantasypros.com/nfl/players/chris-rodriguez-jr.php,22986
40,Tyler Allgeier,T. Allgeier,ATL,RB,vs. WAS,RB40,5.5,35,43,39.91,2.35,5,38.6,https://www.fantasypros.com/nfl/players/tyler-allgeier.php,24172
41,Jeremy McNichols,J. McNichols,WAS,RB,at ATL,RB41,5.4,39,47,42.00,2.83,12,1.4,https://www.fantasypros.com/nfl/players/jeremy-mcnichols.php,16445
42,Braelon Allen,B. Allen,NYJ,RB,at MIA,RB42,5.3,42,45,43.00,1.13,9,44.8,https://www.fantasypros.com/nfl/players/braelon-allen.php,24346
43,Miles Sanders,M. Sanders,DAL,RB,vs. GB,RB43,5.3,40,51,44.27,2.80,10,5.2,https://www.fantasypros.com/nfl/players/miles-sanders.php,18283
44,Blake Corum,B. Corum,LAR,RB,vs. IND,RB44,5.1,41,48,44.55,2.15,8,17.1,https://www.fantasypros.com/nfl/players/blake-corum.php,23013
45,Woody Marks,W. Marks,HOU,RB,vs. TEN,RB45,4.7,38,50,44.91,4.01,6,14.1,https://www.fantasypros.com/nfl/players/woody-marks.php,27520
46,Brian Robinson Jr.,B. Robinson Jr.,SF,RB,vs. JAC,RB46,4.4,42,48,44.91,1.88,14,63.6,https://www.fantasypros.com/nfl/players/brian-robinson-jr.php,20094
47,Kenneth Gainwell,K. Gainwell,PIT,RB,vs. MIN,RB47,4.4,41,51,45.00,2.59,5,14.9,https://www.fantasypros.com/nfl/players/kenneth-gainwell.php,23310
48,Rachaad White,R. White,TB,RB,vs. PHI,RB48,4.4,40,50,47.36,2.64,9,51.4,https://www.fantasypros.com/nfl/players/rachaad-white.php,23891
49,Kyle Monangai,K. Monangai,CHI,RB,at LV,RB49,4.2,45,50,48.27,1.42,5,11.7,https://www.fantasypros.com/nfl/players/kyle-monangai.php,27131
50,Ray Davis,R. Davis,BUF,RB,vs. NO,RB50,4.1,43,54,49.91,2.71,7,22.6,https://www.fantasypros.com/nfl/players/ray-davis.php,26191
51,Jerome Ford,J. Ford,CLE,RB,at DET,RB51,4.1,47,53,51.36,1.55,9,48.2,https://www.fantasypros.com/nfl/players/jerome-ford.php,22921
52,Rico Dowdle,R. Dowdle,CAR,RB,at NE,RB52,4.0,49,56,51.91,1.88,14,16.4,https://www.fantasypros.com/nfl/players/rico-dowdle.php,19647
53,Zach Charbonnet,Z. Charbonnet,SEA,RB,at ARI,RB53,4.0,35,69,53.55,10.23,8,77.8,https://www.fantasypros.com/nfl/players/zach-charbonnet.php,23152
54,Kendre Miller,K. Miller,NO,RB,at BUF,RB54,3.8,53,57,54.73,1.35,11,6.4,https://www.fantasypros.com/nfl/players/kendre-miller.php,24360
55,Justice Hill,J. Hill,BAL,RB,at KC,RB55,3.7,49,58,55.09,2.15,7,11.7,https://www.fantasypros.com/nfl/players/justice-hill.php,18256
56,Ty Johnson,Ty Johnson,BUF,RB,vs. NO,RB56,3.6,52,65,55.09,3.70,7,1.2,https://www.fantasypros.com/nfl/players/ty-johnson.php,18406
57,Dylan Sampson,D. Sampson,CLE,RB,at DET,RB57,3.6,52,69,59.27,5.22,9,47.8,https://www.fantasypros.com/nfl/players/dylan-sampson.php,27102
58,Antonio Gibson,A. Gibson,NE,RB,vs. CAR,RB58,3.5,58,61,59.82,0.94,14,1.2,https://www.fantasypros.com/nfl/players/antonio-gibson.php,19624
59,A.J. Dillon,A.J. Dillon,PHI,RB,at TB,RB59,3.4,56,71,61.09,4.83,9,1.5,https://www.fantasypros.com/nfl/players/aj-dillon.php,19358
60,LeQuint Allen Jr.,L. Allen Jr.,JAC,RB,at SF,RB60,3.4,57,68,62.09,3.26,8,0.7,https://www.fantasypros.com/nfl/players/lequint-allen-jr.php,27285
61,Chris Brooks,C. Brooks,GB,RB,at DAL,RB61,3.4,58,65,62.18,2.52,5,0.8,https://www.fantasypros.com/nfl/players/christopher-brooks.php,25823
62,Emari Demercado,E. Demercado,ARI,RB,vs. SEA,RB62,3.2,55,71,63.73,4.90,8,0.7,https://www.fantasypros.com/nfl/players/emari-demercado.php,25654
63,DJ Giddens,DJ Giddens,IND,RB,at LAR,RB63,2.6,61,71,64.91,3.26,11,5.6,https://www.fantasypros.com/nfl/players/dj-giddens.php,27097
64,Tyler Badie,T. Badie,DEN,RB,vs. CIN,RB64,2.3,53,77,62.20,6.52,12,0.7,https://www.fantasypros.com/nfl/players/tyler-badie.php,23812
65,Zavier Scott,Z. Scott,MIN,RB,at PIT,RB65,2.3,62,69,65.64,1.82,6,1.9,https://www.fantasypros.com/nfl/players/zavier-scott.php,25748
66,Devin Singletary,D. Singletary,NYG,RB,vs. LAC,RB66,2.2,55,72,66.55,4.79,14,1.2,https://www.fantasypros.com/nfl/players/devin-singletary.php,18280
67,Isaiah Davis,I. Davis,NYJ,RB,at MIA,RB67,2.1,62,78,67.00,5.03,9,0.7,https://www.fantasypros.com/nfl/players/isaiah-davis.php,25977
68,Zamir White,Z. White,LV,RB,vs. CHI,RB68,1.8,61,71,67.36,3.47,8,1.1,https://www.fantasypros.com/nfl/players/zamir-white.php,20095
69,George Holani,G. Holani,SEA,RB,at ARI,RB69,1.8,58,74,68.91,4.93,8,0.1,https://www.fantasypros.com/nfl/players/george-holani.php,22915
70,Samaje Perine,S. Perine,CIN,RB,at DEN,RB70,1.7,62,79,69.27,4.53,10,1.6,https://www.fantasypros.com/nfl/players/samaje-perine.php,16423
71,Cam Akers,C. Akers,MIN,RB,at PIT,RB71,1.6,67,77,71.09,2.94,6,0.8,https://www.fantasypros.com/nfl/players/cam-akers.php,19268
72,Emanuel Wilson,E. Wilson,GB,RB,at DAL,RB72,1.5,66,77,73.60,3.07,5,1.3,https://www.fantasypros.com/nfl/players/emanuel-wilson.php,25885
73,Brashard Smith,B. Smith,KC,RB,vs. BAL,RB73,1.4,64,84,73.67,6.24,10,2.6,https://www.fantasypros.com/nfl/players/brashard-smith.php,27259
74,Julius Chestnut,J. Chestnut,TEN,RB,at HOU,RB74,1.4,72,83,78.00,3.63,10,1.2,https://www.fantasypros.com/nfl/players/julius-chestnut.php,24689
75,Tahj Brooks,T. Brooks,CIN,RB,at DEN,RB75,1.3,68,86,76.11,5.51,10,2.1,https://www.fantasypros.com/nfl/players/tahj-brooks.php,26212
76,Kaleb Johnson,K. Johnson,PIT,RB,vs. MIN,RB76,1.3,71,85,74.50,4.47,5,61.4,https://www.fantasypros.com/nfl/players/kaleb-johnson-rb.php,27165
77,Tyrone Tracy Jr.,T. Tracy Jr.,NYG,RB,vs. LAC,RB77,1.3,56,81,68.33,7.85,14,83.6,https://www.fantasypros.com/nfl/players/tyrone-tracy-jr.php,22980
78,Hassan Haskins,H. Haskins,LAC,RB,at NYG,RB78,1.3,63,82,73.71,7.05,12,1.1,https://www.fantasypros.com/nfl/players/hassan-haskins.php,23798
79,Kimani Vidal,K. Vidal,LAC,RB,at NYG,RB79,1.2,59,96,78.57,11.20,12,0.6,https://www.fantasypros.com/nfl/players/kimani-vidal.php,26355
80,Tank Bigsby,T. Bigsby,PHI,RB,at TB,RB80,1.0,72,90,78.20,6.21,9,57.9,https://www.fantasypros.com/nfl/players/tank-bigsby.php,22908
81,Sean Tucker,S. Tucker,TB,RB,vs. PHI,RB81,1.0,74,84,79.40,3.32,9,2.8,https://www.fantasypros.com/nfl/players/sean-tucker.php,23679
82,Trevor Etienne,T. Etienne,CAR,RB,at NE,RB82,1.0,79,88,82.40,3.14,14,1.5,https://www.fantasypros.com/nfl/players/trevor-etienne.php,25393
83,Roschon Johnson,R. Johnson,CHI,RB,at LV,RB83,1.0,77,92,83.60,5.82,5,4.7,https://www.fantasypros.com/nfl/players/roschon-johnson.php,25322
84,Jaylen Wright,J. Wright,MIA,RB,vs. NYJ,RB84,1.0,76,90,83.80,4.49,12,7,https://www.fantasypros.com/nfl/players/jaylen-wright.php,25987
85,Dylan Laube,D. Laube,LV,RB,vs. CHI,RB85,1.0,83,90,87.50,2.22,8,1.1,https://www.fantasypros.com/nfl/players/dylan-laube.php,26194
86,Tyler Goodson,T. Goodson,IND,RB,at LAR,RB86,0.9,78,91,85.40,4.32,11,0.7,https://www.fantasypros.com/nfl/players/tyler-goodson.php,22976
87,Devin Neal,D. Neal,NO,RB,at BUF,RB87,0.8,81,91,85.80,3.19,11,2.4,https://www.fantasypros.com/nfl/players/devin-neal.php,23682
88,Jarquez Hunter,J. Hunter,LAR,RB,vs. IND,RB88,0.8,79,95,87.20,5.15,8,1.7,https://www.fantasypros.com/nfl/players/jarquez-hunter.php,24335
89,Isaac Guerendo,I. Guerendo,SF,RB,vs. JAC,RB89,0.8,75,95,88.20,7.03,14,7.9,https://www.fantasypros.com/nfl/players/isaac-guerendo.php,26392
90,Will Shipley,W. Shipley,PHI,RB,at TB,RB90,0.8,84,92,88.40,3.14,9,10.8,https://www.fantasypros.com/nfl/players/will-shipley.php,22930
91,Dameon Pierce,D. Pierce,HOU,RB,vs. TEN,RB91,0.7,83,95,88.50,4.33,6,5.5,https://www.fantasypros.com/nfl/players/dameon-pierce.php,22947
92,Dare Ogunbowale,D. Ogunbowale,HOU,RB,vs. TEN,RB92,0.7,88,93,91.20,1.94,6,0.7,https://www.fantasypros.com/nfl/players/dare-ogunbowale.php,16879
93,Raheim Sanders,R. Sanders,CLE,RB,at DET,RB93,0.7,86,96,89.50,4.09,9,0.6,https://www.fantasypros.com/nfl/players/raheim-sanders.php,24351
94,Trey Sermon,T. Sermon,PIT,RB,vs. MIN,RB94,0.6,81,96,89.33,6.24,5,1,https://www.fantasypros.com/nfl/players/trey-sermon.php,19425
95,Craig Reynolds,C. Reynolds,DET,RB,vs. CLE,RB95,0.6,89,98,93.00,3.39,8,0.6,https://www.fantasypros.com/nfl/players/craig-reynolds.php,19074
96,Jaleel McLaughlin,J. McLaughlin,DEN,RB,vs. CIN,RB96,0.6,87,97,93.25,3.77,12,1.2,https://www.fantasypros.com/nfl/players/jaleel-mclaughlin.php,25876
97,Sincere McCormick,S. McCormick,SF,RB,vs. JAC,RB97,0.6,84,93,88.50,4.50,14,0.6,https://www.fantasypros.com/nfl/players/sincere-mccormick.php,23172
98,Alec Ingold,A. Ingold,MIA,RB,vs. NYJ,RB98,0.5,80,98,89.00,9.00,12,0.6,https://www.fantasypros.com/nfl/players/alec-ingold.php,18571
99,Donovan Edwards,D. Edwards,WAS,RB,at ATL,RB99,0.4,91,97,94.00,3.00,12,1,https://www.fantasypros.com/nfl/players/donovan-edwards.php,23014
100,Rasheen Ali,R. Ali,BAL,RB,at KC,RB100,0.4,92,99,95.50,3.50,7,0.6,https://www.fantasypros.com/nfl/players/rasheen-ali.php,25983
101,Jaydon Blue,J. Blue,DAL,RB,vs. GB,RB101,0.3,94,97,95.50,1.50,10,30,https://www.fantasypros.com/nfl/players/jaydon-blue.php,24344
